国家,汇总,2020/4/1,2020/4/2,2020/4/3,2020/4/4,2020/4/5,2020/4/6,2020/4/7,2020/4/8,2020/4/9,2020/4/10,2020/4/11,2020/4/12,2020/4/13,2020/4/14,2020/4/15,2020/4/16,2020/4/17,2020/4/18,2020/4/19,2020/4/20,2020/4/21,2020/4/22,2020/4/23,2020/4/24,2020/4/25,2020/4/26,2020/4/27,2020/4/28,2020/4/29,2020/4/30
美国,1064572,189800,216722,245646,279500,312249,337971,368533,402463,435780,475237,505237,534494,561159,588465,615406,645922,679762,710272,740151,767189,794330,826184,850078,889391,928364,963472,988932,1013128,1037151,1064572
西班牙,236899,102136,110238,117710,124736,130759,135032,140510,146690,152446,157022,161852,166019,169496,172541,177633,182816,188068,191726,195944,200210,204178,208389,213024,219764,223759,223759,236199,232128,236899,236899
意大利,203591,105792,110574,115242,119827,124632,128948,132547,135586,139422,143626,147577,152271,156363,159516,162488,165155,168941,172434,175925,178972,181228,183957,187327,189973,192994,195351,197675,199414,201505,203591
法国,166420,52836,57763,59929,83029,90853,93780,98984,110070,113982,118790,125931,130730,133672,137877,143303,147863,165027,149132,152978,154097,156493,159300,159877,159495,159952,161665,162220,165842,165911,166420
英国,165221,29474,33718,38168,41903,47806,48451,52310,55957,61487,65872,78991,84279,88621,93873,98476,103093,108692,115299,121168,121173,125856,133495,138078,143464,148377,149569,154037,157149,161145,165221
德国,161824,74508,80060,87244,92081,97073,100338,104199,109329,113615,119401,122855,125834,127854,131074,132553,135549,138456,142283,144348,146551,147593,149358,151456,153758,155931,157460,158849,159070,160599,161824
土耳其,117589,13531,15679,18135,20921,23934,27069,30217,34109,38226,42282,47029,52167,56956,61049,65111,69392,78546,78546,82329,86306,90980,95591,98674,101790,104912,107773,110130,112261,114653,117589
俄罗斯,106498,2777,3548,4149,4731,5389,6343,7497,8672,10131,11917,13584,15770,18328,21102,24490,27938,32008,36793,42853,47121,52763,57999,62773,68622,74588,80949,87147,93558,99399,106498
伊朗,94640,47593,50468,53183,55743,58226,60500,62589,64586,66220,68192,70029,71686,73303,74877,76389,77995,79494,80868,82211,83505,84802,85996,87026,88194,89328,90481,91472,92584,93657,94640
巴西,79685,5812,6932,8165,9216,10431,11477,12341,14152,16275,18176,19967,21042,22318,23955,25758,29165,30891,34485,36925,39144,40814,43592,46348,50512,54043,59324,63328,67446,73235,79685
加拿大,51597,8591,10121,11284,12549,14022,15940,16667,17897,19438,20765,22148,23318,24804,25680,27063,28379,30973,32857,34386,35056,37933,39405,40191,43286,44526,45493,47147,49616,50026,51597
比利时,48519,13964,15348,16770,18431,19961,20814,22194,23403,24983,26667,28018,29647,30789,31119,33573,34809,36138,37183,38496,39983,40956,41889,42797,44293,45327,46134,46687,47334,47859,48519
荷兰,38802,13614,14779,15819,16627,17953,18803,19580,20549,21762,23097,24413,25587,26710,27419,28153,29214,30449,31766,32834,33405,34134,35026,35729,36727,37384,38039,38245,38416,38802,38802
秘鲁,33931,1065,1323,1414,1595,1746,2281,2561,2954,4342,5256,5897,6848,7519,9784,10303,11475,12491,13489,14420,15628,16325,17837,19250,20914,21648,25331,27517,28699,31190,33931
印度,33062,1637,2069,2567,3082,3588,4553,4911,5480,6237,7062,7997,8504,9352,10815,11933,12759,13835,14792,16365,17656,18985,20471,21797,23502,24942,26917,28380,29974,31787,33062
瑞士,29407,17137,18267,19303,20278,21100,21652,22242,22789,23799,24427,24900,25328,25623,25913,26336,26732,27078,27404,27740,27944,28063,28268,28496,28677,28894,29061,29164,29264,29407,29407
厄瓜多尔,24675,2240,2758,3163,3368,3465,3646,3747,3995,4550,4965,7161,7257,7466,7529,7603,7858,8225,8450,9022,9468,10128,10398,10850,11183,22719,22719,22719,23240,24258,24675
葡萄牙,24505,8251,9034,9886,10524,11278,11730,12442,13141,13956,15472,15987,16585,16934,17448,18091,18841,19022,19685,20206,20863,21379,21982,22353,22797,23392,23864,24027,24322,24505,24505
沙特阿拉伯,21402,1563,1885,2039,2179,2385,2523,2795,2932,3287,3651,4033,4462,4934,5369,5862,6380,7142,8274,9362,10484,11631,12772,13930,15102,16299,17522,18811,20077,21402,21402
瑞典,20302,4947,5466,6078,6443,6830,7206,7693,8419,9141,9685,10151,10483,10948,11445,11927,12540,13216,13822,14385,14777,15322,16004,16755,17567,18177,18640,18926,19621,20302,20302
爱尔兰,20253,3235,3447,3849,4273,4604,4994,5364,5709,6074,6574,8089,8928,9655,10647,11479,12547,13271,13980,14758,15251,15652,16040,16671,17607,18184,18561,19262,19648,19877,20253
墨西哥,17799,1215,1378,1510,1688,1890,2143,2439,2785,3181,3441,3844,4219,4661,5014,5399,5847,6297,6875,7497,8261,8772,9501,10544,11633,12872,13842,14677,15529,16752,17799
以色列,15870,5591,6360,7030,7589,8018,8611,9006,9404,9755,10095,10525,10878,11235,11868,12200,12591,12855,13107,13362,13654,13883,14326,14592,14882,15148,15398,15466,15589,15782,15870
巴基斯坦,15759,2071,2291,2458,2708,3123,3277,4005,4194,4462,4695,4970,5170,5374,5837,5988,6919,7025,7638,7993,8418,9216,9749,10811,11155,12227,12723,13328,14079,15289,15759
奥地利,15452,10501,10927,11412,11781,11920,12236,12547,12881,13163,13494,13782,13945,14013,14159,14325,14451,14553,14671,14696,14795,14873,14925,15002,15071,15148,15225,15274,15357,15402,15452
智利,15315,3031,3404,3737,3737,4161,4771,4815,5546,5972,5972,6501,7213,7525,7525,8273,8273,9252,9252,9730,10507,10507,10832,11296,11812,12306,12858,13331,13813,14365,15315
白俄罗斯,14027,163,257,351,440,562,700,861,1066,1486,1981,2226,2578,2919,3281,3728,4204,4779,4779,4779,6264,6264,7281,8022,8773,9590,10463,11289,12208,13181,14027
波兰,12781,2347,2633,3149,3503,3834,4201,4532,5000,5341,5742,6088,6356,6674,7049,7408,7771,8214,8563,9082,9453,9737,10034,10346,10759,11067,11395,11761,12089,12415,12781
卡塔尔,12564,781,835,949,1075,1325,1604,1832,2210,2376,2512,2728,2979,3231,3428,3711,4103,4663,5008,5448,6015,6533,7141,7764,8525,9358,10287,11244,11921,12564,12564
罗马尼亚,12240,2460,2738,3183,3613,3864,4057,4417,4761,5202,5467,5990,6300,6633,6879,7216,7707,8067,8418,8746,8936,9242,9710,10096,10417,10635,11036,11339,11616,11978,12240
韩国,10765,9887,9976,10062,10156,10237,10284,10331,10384,10423,10450,10480,10512,10537,10564,10591,10613,10635,10653,10661,10674,10683,10694,10702,10708,10718,10728,10738,10752,10761,10765
乌克兰,10406,669,804,942,1096,1251,1319,1462,1668,1892,2203,2511,2777,3102,3372,3764,4161,4662,5106,5449,5710,6125,6592,7170,7647,8125,8617,9009,9410,9866,10406
印度尼西亚,10118,1677,1790,1986,2092,2273,2491,2738,2956,3293,3512,3842,4241,4557,4839,5136,5516,5923,6248,6575,6760,7135,7418,7775,8211,8607,8882,9096,9511,9771,10118
丹麦,9158,3092,3542,3861,4077,4561,4647,4978,5386,5635,5830,6014,6191,6369,6513,6876,6879,7074,7437,7580,7711,7711,8108,8108,8271,8643,8773,8773,9049,9049,9158
塞尔维亚,8724,1060,1171,1476,1624,1908,2200,2447,2666,2867,3105,3380,3630,4054,4465,4873,5318,5690,5994,6318,6630,6890,7114,7276,7483,7779,8042,8275,8497,8724,8724
菲律宾,8488,2311,2633,3018,3094,3246,3660,3764,3870,4076,4195,4428,4648,4932,5223,5453,5660,5878,6087,6259,6459,6599,6710,6981,7192,7294,7579,7777,7958,8212,8488
挪威,7710,4828,5083,5296,5519,5686,5760,5866,6086,6160,6244,6360,6485,6527,6623,6740,6798,6937,7036,7078,7122,7191,7275,7361,7401,7493,7499,7527,7599,7680,7710
孟加拉国,7667,54,56,61,70,88,123,164,218,330,424,482,621,803,1012,1231,1572,1838,2144,2456,2948,3382,3772,4186,4689,4998,5416,5913,6462,7103,7667
捷克,7581,3330,3604,3869,4194,4475,4591,4828,5033,5335,5589,5735,5905,5991,6059,6151,6303,6437,6553,6657,6787,6914,7041,7136,7188,7273,7352,7408,7449,7504,7581
多米尼加,6652,1284,1284,1488,1488,1745,1828,1956,2111,2111,2349,2620,2759,3167,3286,3614,3755,4126,4126,4335,4964,4964,5044,5300,5543,5749,6135,6293,6293,6416,6652
巴拿马,6378,1075,1317,1475,1673,1801,1988,2100,2249,2528,2752,2974,3234,3400,3472,3574,3751,4016,4210,4273,4467,4658,4821,4992,5166,5338,5538,5779,6021,6200,6378
哥伦比亚,6211,906,1065,1161,1267,1406,1485,1579,1780,2054,2223,2473,2709,2776,2852,2979,3105,3233,3439,3621,3792,3977,4149,4356,4561,4881,5142,5379,5597,5949,6211
南非,5350,1353,1380,1462,1505,1585,1655,1749,1749,1845,2003,2003,2028,2173,2415,2415,2506,2605,2783,3034,3158,3300,3465,3635,3953,4220,4361,4546,4793,4996,5350
埃及,5268,710,779,865,985,1070,1173,1322,1450,1560,1699,1794,1939,2065,2190,2350,2505,2673,2844,3032,3144,3333,3490,3659,3891,4092,4319,4534,4782,5042,5268
芬兰,4995,1446,1518,1615,1882,1927,2176,2308,2487,2605,2769,2905,2974,3064,3161,3237,3369,3489,3681,3783,3868,4014,4129,4284,4395,4475,4576,4695,4740,4906,4995
摩洛哥,4359,638,676,735,858,961,1113,1141,1242,1346,1431,1527,1617,1746,1838,1988,2251,2528,2670,2820,2990,3186,3377,3537,3692,3889,4047,4115,4246,4289,4359
阿根廷,4285,1054,1133,1265,1353,1451,1554,1628,1715,1795,1894,1975,2142,2208,2277,2443,2571,2669,2758,2839,2941,3031,3144,3288,3435,3607,3780,3892,4003,4127,4285
阿尔及利亚,3848,716,847,986,1171,1251,1320,1423,1468,1572,1666,1761,1825,1914,1983,2070,2160,2268,2418,2534,2629,2718,2811,2910,3007,3127,3256,3382,3517,3649,3848
摩尔多瓦,3771,353,423,505,752,752,965,1056,1174,1289,1438,1560,1662,1712,1934,1934,2154,2154,2378,2351,2548,2614,2778,2926,2926,3304,3408,3481,3638,3771,3771
卢森堡,3769,2178,2319,2487,2612,2729,2804,2843,2970,3034,3115,3223,3270,3281,3292,3307,3373,3444,3480,3537,3550,3558,3618,3654,3665,3695,3711,3723,3729,3741,3769
科威特,3740,317,342,417,479,556,665,743,855,910,993,1154,1234,1300,1355,1405,1524,1658,1751,1915,1995,2080,2248,2399,2614,2892,3075,3288,3440,3740,3740
哈萨克斯坦,3273,372,423,460,525,569,629,685,709,764,808,840,911,979,1202,1290,1362,1498,1615,1676,1775,1977,2070,2251,2376,2564,2693,2835,3019,3105,3273
巴林,2921,569,635,672,688,698,723,811,821,855,913,1016,1087,1348,1522,1671,1698,1740,1767,1873,1895,1952,2009,2098,2217,2588,2588,2647,2810,2869,2921
匈牙利,2775,525,585,623,678,733,744,817,895,980,1190,1310,1410,1458,1512,1579,1652,1763,1834,1916,1984,2098,2168,2284,2383,2443,2500,2583,2649,2727,2775
希腊,2576,1314,1415,1544,1643,1673,1735,1755,1832,1884,1955,2011,2081,2114,2145,2170,2192,2207,2224,2235,2235,2245,2401,2408,2463,2490,2506,2517,2534,2566,2576
阿曼,2348,210,231,252,277,298,331,371,419,457,484,546,599,727,813,910,1019,1069,1180,1266,1410,1508,1614,1716,1790,1905,1998,2049,2131,2274,2348
阿富汗,2171,196,239,273,299,337,367,423,444,484,521,555,607,665,714,784,840,906,933,993,1026,1092,1176,1279,1351,1463,1531,1703,1828,1939,2171
加纳,2074,196,196,204,205,214,214,287,287,313,378,408,408,566,566,636,641,641,834,834,1042,1042,1154,1154,1279,1279,1550,1550,1550,1671,2074
亚美尼亚,2066,571,663,736,770,822,833,853,881,921,937,977,1013,1039,1067,1111,1159,1201,1248,1291,1339,1401,1473,1523,1596,1677,1746,1808,1867,1932,2066
克罗地亚,2062,963,1011,1079,1126,1182,1222,1282,1343,1407,1495,1534,1600,1660,1704,1741,1791,1814,1832,1871,1881,1908,1950,1981,2009,2016,2030,2039,2047,2062,2062
乌兹别克斯坦,2017,173,190,221,263,298,390,504,545,582,624,729,833,934,1113,1275,1349,1390,1469,1543,1604,1657,1692,1735,1778,1836,1869,1887,1939,1969,2017
伊拉克,2003,694,772,772,820,878,961,1031,1202,1202,1232,1279,1318,1352,1378,1400,1415,1434,1482,1513,1539,1574,1602,1631,1677,1708,1763,1820,1847,1928,2003
喀麦隆,1832,233,284,306,509,555,658,658,685,730,803,820,836,848,848,848,848,996,1017,1017,1017,1163,1163,1163,1430,1518,1621,1621,1705,1806,1832
冰岛,1797,1220,1220,1364,1417,1486,1562,1586,1616,1616,1675,1689,1701,1701,1720,1727,1727,1754,1760,1760,1773,1778,1785,1789,1789,1790,1792,1792,1795,1797,1797
阿塞拜疆,1766,359,400,443,521,584,641,717,822,926,991,991,1098,1148,1197,1253,1283,1340,1373,1398,1436,1480,1518,1548,1592,1617,1645,1678,1717,1717,1766
波黑,1757,451,518,574,617,654,674,754,803,841,886,935,1000,1030,1083,1110,1167,1199,1268,1285,1309,1342,1368,1413,1421,1486,1516,1565,1585,1677,1757
尼日利亚,1728,151,174,190,210,224,232,238,254,276,288,305,318,323,343,373,407,442,495,542,627,665,782,873,981,1095,1182,1273,1337,1532,1728
爱沙尼亚,1689,779,858,961,1018,1097,1108,1149,1185,1207,1258,1304,1309,1332,1373,1400,1434,1459,1512,1528,1535,1552,1559,1592,1605,1635,1643,1647,1660,1666,1689
保加利亚,1488,412,449,485,503,531,549,565,593,618,635,661,675,685,713,747,800,846,865,894,929,975,1024,1097,1188,1247,1300,1363,1399,1437,1488
新西兰,1476,708,797,868,950,1039,1106,1160,1210,1239,1283,1312,1330,1349,1366,1386,1401,1409,1422,1431,1440,1445,1451,1451,1456,1461,1470,1470,1472,1474,1476
古巴,1467,186,212,233,269,288,320,363,396,457,515,564,620,669,726,766,814,862,923,986,1035,1087,1137,1189,1235,1285,1337,1369,1389,1437,1467
立陶宛,1449,581,649,696,771,811,843,880,912,955,999,1026,1053,1062,1070,1091,1128,1149,1239,1298,1326,1350,1370,1398,1410,1426,1438,1449,1344,1375,1385
北马其顿,1442,354,384,430,483,555,555,599,617,663,711,760,828,854,908,974,1081,1117,1170,1207,1225,1231,1259,1300,1326,1367,1386,1399,1421,1442,1442
斯洛文尼亚,1429,841,897,934,977,997,1021,1059,1091,1124,1160,1188,1205,1212,1220,1248,1268,1304,1317,1330,1335,1344,1353,1366,1373,1388,1396,1402,1408,1418,1429
斯洛伐克,1396,400,426,450,471,485,534,581,682,701,715,728,742,769,835,863,977,1049,1089,1161,1173,1199,1244,1325,1360,1373,1379,1381,1384,1391,1396
科特迪瓦,1238,179,190,194,218,245,261,323,349,384,444,480,533,574,626,638,654,688,742,801,847,879,916,952,1004,1077,1111,1150,1164,1183,1238
玻利维亚,1110,115,123,132,139,157,183,194,210,264,268,275,300,330,354,397,441,465,493,520,564,598,609,672,703,807,866,950,1014,1053,1110
吉布提,1077,30,40,49,50,59,90,90,135,140,150,187,214,298,363,363,591,732,732,732,846,846,974,986,999,1008,1023,1023,1035,1077,1077
突尼斯,980,394,423,455,495,553,574,596,623,628,643,671,685,707,726,747,780,822,864,866,879,884,901,909,918,922,939,949,967,975,980
塞内加尔,933,190,195,207,219,222,226,237,244,250,265,278,280,291,299,314,335,342,350,350,377,412,442,479,545,614,671,736,823,882,933
拉脱维亚,858,446,458,493,509,533,542,548,577,589,612,612,630,655,657,666,675,682,712,727,739,748,761,778,784,804,812,818,836,849,858
塞浦路斯,843,262,320,356,396,426,446,465,494,526,564,595,616,633,662,695,715,735,750,761,767,772,784,790,795,804,810,817,822,837,843
阿尔巴尼亚,773,259,277,304,333,361,377,383,400,409,416,433,446,467,475,494,518,539,548,562,584,609,634,663,678,712,726,726,750,766,773
洪都拉斯,771,172,219,222,264,268,298,305,312,343,382,392,393,397,407,419,426,442,457,472,477,494,510,519,562,591,627,661,702,738,771
吉尔吉斯斯坦,746,111,116,130,144,147,216,228,270,280,298,339,377,419,430,449,466,489,506,554,568,590,612,631,656,665,682,695,708,729,746
安道尔,743,376,428,439,466,501,526,545,564,583,601,622,638,646,659,673,673,696,704,704,713,717,717,723,723,731,738,740,743,743,743
黎巴嫩,721,479,494,508,520,527,541,548,575,582,609,619,630,632,641,658,663,668,672,673,677,677,682,688,696,704,707,710,717,721,721
尼日尔,713,34,74,98,120,144,184,253,278,342,410,438,491,529,548,570,584,609,627,639,648,655,657,662,671,681,684,696,701,709,713
尼日尔,713,34,74,98,120,144,184,253,278,342,410,438,491,529,548,570,584,609,627,639,648,655,657,662,671,681,684,696,701,709,713
钻石公主号邮轮,712,712,712,712,712,712,712,712,712,712,712,712,712,712,712,712,712,712,712,712,712,712,712,712,712,712,712,712,712,712,712
斯里兰卡,649,146,150,152,162,174,178,185,189,190,190,198,203,217,219,235,238,242,248,269,304,310,323,337,416,440,477,581,599,622,649
布基纳法索,641,261,288,288,302,318,345,364,384,414,443,448,484,497,515,528,542,546,557,565,576,581,600,609,616,629,629,632,635,638,641
乌拉圭,630,338,350,369,386,400,406,415,424,456,473,494,501,501,501,501,501,502,508,517,528,535,543,549,577,577,596,606,620,625,630
危地马拉,585,39,46,47,50,61,70,77,87,95,126,137,153,155,167,180,196,214,235,257,289,294,316,342,384,430,473,500,530,557,585
索马里,582,5,5,5,7,7,7,7,8,12,12,21,21,25,60,60,80,80,116,135,164,237,286,286,328,390,390,480,480,582,582
圣马力诺,563,236,236,245,251,266,266,277,279,308,344,356,356,356,371,372,426,426,435,461,462,476,488,501,501,513,538,538,538,563,563
格鲁吉亚,539,115,130,148,157,170,188,195,208,214,230,234,252,266,299,309,336,370,385,394,399,408,411,420,431,456,485,496,511,517,539
刚果（金）,500,109,123,134,148,154,161,180,183,207,215,223,234,235,241,254,267,287,307,327,332,350,359,377,394,416,442,459,471,491,500
巴勒斯坦,499,134,155,171,210,226,252,260,263,263,266,268,268,290,308,308,374,402,418,431,499,461,474,480,480,484,495,495,495,497,497
马里,482,31,31,39,41,41,47,56,56,74,87,87,116,,,,,,,,,258,293,293,310,325,370,389,408,424,482
坦桑尼亚,480,19,20,20,20,20,24,24,24,25,32,32,32,46,49,59,94,147,147,147,170,254,284,284,284,299,299,299,299,480,480
马耳他,465,188,196,202,213,227,241,293,299,337,350,370,378,384,393,399,412,422,426,427,431,443,444,445,447,448,448,450,458,463,465
马约特,460,92,116,116,128,134,147,164,171,184,191,191,196,207,217,217,233,245,254,254,271,284,311,326,354,354,401,401,460,460,460
约旦,451,274,278,299,310,323,345,349,353,358,372,372,381,389,391,397,401,402,407,413,417,425,428,435,437,444,444,447,449,449,451
留尼汪岛,418,247,281,308,321,344,344,349,358,362,362,382,388,391,391,391,391,394,407,407,408,410,410,410,412,412,417,417,417,418,418
肯尼亚,384,81,110,122,126,142,158,172,179,184,189,191,197,208,216,225,234,246,262,270,281,296,303,320,336,343,355,363,374,384,384
牙买加,381,36,44,47,53,55,58,59,63,63,63,65,69,72,73,105,125,143,163,173,196,223,233,252,257,288,305,350,364,381,381
毛里求斯,334,147,161,186,196,227,244,268,273,314,314,319,324,324,324,324,324,324,325,328,328,328,328,329,331,331,331,334,334,334,334
委内瑞拉,331,143,143,146,153,155,159,165,166,167,171,175,175,181,189,197,197,204,227,227,256,285,288,298,311,318,323,325,329,329,331
黑山,322,120,140,160,197,203,223,241,248,252,255,262,267,273,278,288,290,303,305,308,311,313,314,316,319,319,321,321,321,321,322
赤道几内亚,315,15,15,15,16,16,16,16,16,18,18,18,21,21,21,41,51,51,79,79,79,79,83,84,84,214,258,258,258,315,315
马恩岛,313,32,75,114,121,127,138,150,158,171,190,204,226,,,,,,,,,300,307,307,307,308,308,308,308,309,313
马尔代夫,280,19,19,19,19,19,19,19,19,19,19,19,20,20,20,21,23,28,34,51,67,83,86,94,116,137,191,226,245,269,280
加蓬,276,18,18,21,21,21,24,30,30,34,44,46,49,57,57,80,80,95,108,109,109,120,156,166,167,172,176,176,211,238,276
巴拉圭,249,69,77,92,96,104,113,115,119,124,129,133,134,147,159,161,174,199,202,206,208,208,213,213,220,223,228,228,230,239,249
卢旺达,225,75,82,84,89,102,104,105,105,110,113,118,120,126,127,134,136,138,143,144,147,147,150,153,154,176,183,191,207,212,225
刚果（布）,220,22,22,41,41,45,49,49,49,60,60,60,70,70,70,117,117,143,143,143,160,160,165,186,186,200,200,200,207,207,220
几内亚比绍,205,8,9,9,15,18,18,33,33,33,36,38,39,,,,,,,,,50,50,52,52,52,53,53,73,73,205
法罗群岛,187,173,173,179,181,181,183,184,184,184,184,184,184,184,184,184,184,184,184,185,185,185,185,187,187,187,187,187,187,187,187
缅甸,150,16,20,20,21,21,22,22,22,23,27,31,39,,,,,,,,,119,121,132,139,144,146,146,149,150,150
瓜德罗普,149,114,125,128,130,134,135,139,139,141,143,143,143,143,145,145,145,145,145,148,148,148,148,148,149,149,149,149,149,149,149
直布罗陀,141,69,81,88,98,103,103,109,113,120,123,127,129,129,129,129,131,132,132,132,132,132,132,132,133,133,136,141,141,141,141
直布罗陀,141,69,81,88,98,103,103,109,113,120,123,127,129,129,129,129,131,132,132,132,132,132,132,132,133,133,136,141,141,141,141
文莱,138,131,133,134,135,135,135,135,135,135,136,136,136,136,136,136,136,136,137,138,138,138,138,138,138,138,138,138,138,138,138
埃塞俄比亚,131,29,29,35,38,43,44,52,55,56,65,69,71,74,82,85,92,96,105,108,111,114,116,116,117,122,123,124,126,130,131
马达加斯加,128,57,59,65,70,72,72,82,93,93,93,102,106,,,,,,,,121,121,121,121,122,123,124,124,128,128,128
法属圭亚那,125,43,51,51,57,61,68,72,77,83,83,83,86,86,86,86,86,96,96,96,97,97,97,107,107,111,111,111,124,125,125
柬埔寨,122,109,110,114,114,114,114,115,117,119,119,120,122,122,122,122,122,122,122,122,122,122,122,122,122,122,122,122,122,122,122
特立尼达和多巴哥,116,89,90,97,100,104,105,106,107,109,109,109,113,113,113,114,114,114,114,114,114,114,115,115,115,115,115,116,116,116,116
特立尼达和多巴哥,116,89,90,97,100,104,105,106,107,109,109,109,113,113,113,114,114,114,114,114,114,114,115,115,115,115,115,116,116,116,116
佛得角,114,6,6,6,7,7,7,7,7,7,7,8,8,10,10,56,56,56,58,61,67,67,68,82,88,90,106,109,114,114,114
百慕大,111,22,27,35,35,35,37,39,39,39,48,48,50,,,,,,,,,86,98,99,99,99,109,109,109,110,111
多哥,109,36,39,40,41,44,52,58,70,73,76,76,76,76,77,81,81,83,84,84,84,84,88,88,90,96,96,98,99,109,109
阿鲁巴,100,50,55,60,62,64,64,71,74,77,82,86,92,92,92,92,93,95,96,96,97,97,97,100,100,100,100,100,100,100,100
赞比亚,97,36,39,39,39,39,39,39,39,39,40,40,43,45,45,48,48,52,57,61,65,70,74,74,84,84,88,88,95,97,97
摩纳哥,95,52,55,60,64,66,73,77,79,81,84,90,92,93,93,93,93,93,94,94,94,94,94,94,94,94,94,94,95,95,95
斯威士兰,91,9,9,9,9,9,10,10,10,12,12,12,14,14,15,15,16,16,19,22,24,24,31,31,36,40,59,59,71,71,91
乌干达,81,44,44,45,48,48,52,52,52,53,53,53,53,,,,,,,,,58,61,63,74,75,75,79,79,79,81
巴巴多斯,80,34,45,46,51,52,56,60,63,63,66,67,68,74,74,74,75,75,75,75,75,75,75,76,76,77,79,79,79,80,80
巴巴多斯,80,34,45,46,51,52,56,60,63,63,66,67,68,74,74,74,75,75,75,75,75,75,75,76,76,77,79,79,79,80,80
圭亚那合作共和国,78,8,19,19,23,24,29,31,33,37,37,40,45,45,47,48,55,57,63,63,65,66,67,67,70,73,74,74,74,74,78
莫桑比克,76,8,10,10,10,10,10,10,17,17,17,20,21,,,,,,,,,39,41,41,46,70,76,76,76,76,76
莫桑比克,76,8,10,10,10,10,10,10,17,17,17,20,21,,,,,,,,,39,41,41,46,70,76,76,76,76,76
圣马丁岛,75,18,18,23,24,29,37,37,40,43,50,50,50,50,52,52,57,57,64,64,64,67,68,73,73,73,73,74,75,75,75
开曼群岛,73,12,22,28,28,35,39,39,45,45,45,45,53,53,54,54,60,61,61,61,61,66,66,66,66,70,70,70,70,70,73
贝宁,64,9,13,13,16,16,22,26,26,26,26,35,35,35,35,35,35,35,35,35,54,54,54,54,54,54,54,64,64,64,64
利比亚,61,8,10,11,17,18,18,19,21,21,24,24,25,,,,,,,,,51,59,60,60,61,61,61,61,61,61
法属波利尼西亚,58,36,37,37,39,40,41,42,47,51,51,51,51,53,55,55,55,55,55,55,55,56,57,57,57,57,57,57,57,58,58
乍得,52,7,7,8,9,9,9,9,10,10,11,11,18,18,23,23,27,27,33,33,33,33,33,33,40,40,46,46,46,52,52
中非共和国,50,6,8,8,8,9,9,9,9,11,11,11,11,11,11,11,12,12,12,12,12,14,14,16,19,19,19,41,41,50,50
叙利亚,43,10,16,16,16,19,19,19,19,19,19,19,25,,,,,,,,,39,42,42,42,42,42,43,43,43,43
津巴布韦,40,8,8,9,9,9,9,10,11,11,11,13,14,14,17,18,23,24,24,25,25,25,28,28,29,29,31,31,32,32,40
厄立特里亚,39,15,18,22,22,29,29,31,31,33,33,34,34,,,,,,,,,39,39,39,39,39,39,39,39,39,39
蒙古国,38,14,14,14,14,14,15,15,16,16,16,16,16,17,30,30,31,31,31,32,33,34,35,35,36,37,38,38,38,38,38
马拉维,36,,,3,4,4,5,8,8,8,9,12,13,,,,,,,,,18,23,33,33,33,34,36,36,36,36
安哥拉,27,7,8,8,8,10,14,16,17,19,19,19,19,19,19,19,19,19,19,24,24,24,24,25,25,25,25,26,27,27,27
安提瓜和巴布达,24,7,7,9,15,15,15,15,19,19,19,21,21,23,23,23,23,23,23,23,23,23,24,24,24,24,24,24,24,24,24
安提瓜和巴布达,24,7,7,9,15,15,15,15,19,19,19,21,21,23,23,23,23,23,23,23,23,23,24,24,24,24,24,24,24,24,24
博茨瓦纳,23,4,4,4,4,4,6,6,6,13,13,13,13,,,,,,,,,20,22,22,22,22,22,22,22,23,23
老挝,19,10,10,10,10,11,12,14,15,16,16,18,19,,,,,,,,,19,19,19,19,19,19,19,19,19,19
老挝,19,10,10,10,10,11,12,14,15,16,16,18,19,,,,,,,,,19,19,19,19,19,19,19,19,19,19
新喀里多尼亚,18,15,18,18,18,18,18,18,18,18,18,18,18,18,18,18,18,18,18,18,18,18,18,18,18,18,18,18,18,18,18
新喀里多尼亚,18,15,18,18,18,18,18,18,18,18,18,18,18,18,18,18,18,18,18,18,18,18,18,18,18,18,18,18,18,18,18
新喀里多尼亚,18,15,18,18,18,18,18,18,18,18,18,18,18,18,18,18,18,18,18,18,18,18,18,18,18,18,18,18,18,18,18
圣卢西亚,17,9,13,13,13,14,14,14,14,14,14,15,15,15,15,15,15,15,15,15,15,15,15,15,15,15,15,15,15,15,17
纳米比亚,16,11,14,14,14,16,16,16,16,16,16,16,16,16,16,16,16,16,16,16,16,16,16,16,16,16,16,16,16,16,16
纳米比亚,16,11,14,14,14,16,16,16,16,16,16,16,16,16,16,16,16,16,16,16,16,16,16,16,16,16,16,16,16,16,16
纳米比亚,16,11,14,14,14,16,16,16,16,16,16,16,16,16,16,16,16,16,16,16,16,16,16,16,16,16,16,16,16,16,16
圣文森特和格林纳丁斯,15,1,2,3,7,7,7,7,8,8,12,12,12,12,12,12,12,12,12,12,12,12,13,13,14,14,14,15,15,15,15
圣文森特和格林纳丁斯,15,1,2,3,7,7,7,7,8,8,12,12,12,12,12,12,12,12,12,12,12,12,13,13,14,14,14,15,15,15,15
圣多美和普林西比,14,,,,,,,,,4,4,4,4,,,,,,,,,4,4,4,4,4,4,4,8,8,14
尼加拉瓜,13,4,5,5,5,5,6,6,6,6,7,8,9,9,9,9,9,9,9,9,10,10,10,10,11,11,12,13,13,13,13
特克斯和凯科斯群岛,12,5,6,6,6,6,6,8,8,8,8,8,9,,,,,,,,,11,11,11,11,11,11,12,12,12,12
特克斯和凯科斯群岛,12,5,6,6,6,6,6,8,8,8,8,8,9,,,,,,,,,11,11,11,11,11,11,12,12,12,12
塞舌尔,11,10,10,10,10,10,11,11,11,11,11,11,11,11,11,11,11,11,11,11,11,11,11,11,11,11,11,11,11,11,11
塞舌尔,11,10,10,10,10,10,11,11,11,11,11,11,11,11,11,11,11,11,11,11,11,11,11,11,11,11,11,11,11,11,11
塞舌尔,11,10,10,10,10,10,11,11,11,11,11,11,11,11,11,11,11,11,11,11,11,11,11,11,11,11,11,11,11,11,11
塞舌尔,11,10,10,10,10,10,11,11,11,11,11,11,11,11,11,11,11,11,11,11,11,11,11,11,11,11,11,11,11,11,11
苏里南,10,10,10,10,10,10,10,10,10,10,10,10,10,10,10,10,10,10,10,10,10,10,10,10,10,10,10,10,10,10,10
苏里南,10,10,10,10,10,10,10,10,10,10,10,10,10,10,10,10,10,10,10,10,10,10,10,10,10,10,10,10,10,10,10
毛里塔尼亚,8,6,6,6,6,6,6,6,6,7,7,7,7,7,7,7,7,7,7,7,7,7,7,7,7,7,7,7,7,8,8
毛里塔尼亚,8,6,6,6,6,6,6,6,6,7,7,7,7,7,7,7,7,7,7,7,7,7,7,7,7,7,7,7,7,8,8
几内亚,7,,,,,,,,,,,,,2,2,2,2,7,7,7,7,,,,,,,,,,
几内亚,7,,,,,,,,,,,,,2,2,2,2,7,7,7,7,,,,,,,,,,
圣巴泰勒米岛,6,5,5,5,5,5,5,6,6,6,6,6,6,6,6,6,6,6,6,6,6,6,6,6,6,6,6,6,6,6,6
圣巴泰勒米岛,6,5,5,5,5,5,5,6,6,6,6,6,6,6,6,6,6,6,6,6,6,6,6,6,6,6,6,6,6,6,6
圣巴泰勒米岛,6,5,5,5,5,5,5,6,6,6,6,6,6,6,6,6,6,6,6,6,6,6,6,6,6,6,6,6,6,6,6
安圭拉,3,2,2,3,3,3,3,3,3,3,3,3,3,,,,,,,,,3,3,3,3,3,3,3,3,3,3
圣皮埃尔,1,,,,,,,,,1,1,1,1,,,,,,,,,1,1,1,1,1,1,1,1,1,1
